process_category,record_id,record_type,failure_mode,parameters,validation_outcome,source_file,tags,risk_level,root_cause_hint
Battery Process Optimization,PKAI-0001,experiment_note,coating uniformity drift,"{""coating_speed_mpm"": 1.8, ""drying_time_min"": 22, ""oven_temp_c"": 82}",failed,process_notes/battery_process_optimization/experiment_note_0001.md,"battery-process-optimization, coating-uniformity-drift, experiment_note",medium,equipment/process issue
Materials Characterization,PKAI-0002,qa_record,thermal cycling impedance drift,"{""coating_speed_mpm"": 2.1, ""drying_time_min"": 18, ""oven_temp_c"": 88}",warning,process_notes/materials_characterization/qa_record_0002.md,"materials-characterization, qa_record, thermal-cycling-impedance-drift",medium,equipment/process issue
Manufacturing QA,PKAI-0003,maintenance_log,increased defect rate,"{""thermal_cycles"": 80, ""hold_temp_c"": 55, ""impedance_limit_pct"": 8}",passed,process_notes/manufacturing_qa/maintenance_log_0003.md,"increased-defect-rate, maintenance_log, manufacturing-qa",medium,equipment/process issue
Equipment Maintenance,PKAI-0004,failure_report,calibration offset,"{""calibration_interval_days"": 14, ""sensor_offset_mv"": 3.2, ""line_pressure_kpa"": 210}",failed,process_notes/equipment_maintenance/failure_report_0004.md,"calibration-offset, equipment-maintenance, failure_report",medium,equipment/process issue
Failure Analysis,PKAI-0005,validation_summary,material batch inconsistency,"{""batch_solids_pct"": 48.5, ""mix_time_min"": 35, ""viscosity_cp"": 920}",warning,process_notes/failure_analysis/validation_summary_0005.md,"failure-analysis, material-batch-inconsistency, validation_summary",medium,materials issue
Validation Testing,PKAI-0006,parameter_change,sensor anomaly,"{""inspection_sample_size"": 120, ""defect_limit_pct"": 2.0, ""validation_threshold"": 0.95}",warning,process_notes/validation_testing/parameter_change_0006.md,"parameter_change, sensor-anomaly, validation-testing",medium,equipment/process issue
Battery Process Optimization,PKAI-0007,experiment_note,yield loss,"{""coating_speed_mpm"": 1.8, ""drying_time_min"": 22, ""oven_temp_c"": 82}",warning,process_notes/battery_process_optimization/experiment_note_0007.md,"battery-process-optimization, experiment_note, yield-loss",medium,equipment/process issue
Materials Characterization,PKAI-0008,qa_record,validation threshold miss,"{""coating_speed_mpm"": 2.1, ""drying_time_min"": 18, ""oven_temp_c"": 88}",failed,process_notes/materials_characterization/qa_record_0008.md,"materials-characterization, qa_record, validation-threshold-miss",high,materials issue
Manufacturing QA,PKAI-0009,maintenance_log,coating uniformity drift,"{""thermal_cycles"": 80, ""hold_temp_c"": 55, ""impedance_limit_pct"": 8}",warning,process_notes/manufacturing_qa/maintenance_log_0009.md,"coating-uniformity-drift, maintenance_log, manufacturing-qa",medium,equipment/process issue
Equipment Maintenance,PKAI-0010,failure_report,thermal cycling impedance drift,"{""calibration_interval_days"": 14, ""sensor_offset_mv"": 3.2, ""line_pressure_kpa"": 210}",passed,process_notes/equipment_maintenance/failure_report_0010.md,"equipment-maintenance, failure_report, thermal-cycling-impedance-drift",low,equipment/process issue
Failure Analysis,PKAI-0011,validation_summary,increased defect rate,"{""batch_solids_pct"": 48.5, ""mix_time_min"": 35, ""viscosity_cp"": 920}",passed,process_notes/failure_analysis/validation_summary_0011.md,"failure-analysis, increased-defect-rate, validation_summary",low,materials issue
Validation Testing,PKAI-0012,parameter_change,calibration offset,"{""inspection_sample_size"": 120, ""defect_limit_pct"": 2.0, ""validation_threshold"": 0.95}",warning,process_notes/validation_testing/parameter_change_0012.md,"calibration-offset, parameter_change, validation-testing",medium,equipment/process issue
Battery Process Optimization,PKAI-0013,experiment_note,material batch inconsistency,"{""coating_speed_mpm"": 1.8, ""drying_time_min"": 22, ""oven_temp_c"": 82}",failed,process_notes/battery_process_optimization/experiment_note_0013.md,"battery-process-optimization, experiment_note, material-batch-inconsistency",high,materials issue
Materials Characterization,PKAI-0014,qa_record,sensor anomaly,"{""coating_speed_mpm"": 2.1, ""drying_time_min"": 18, ""oven_temp_c"": 88}",warning,process_notes/materials_characterization/qa_record_0014.md,"materials-characterization, qa_record, sensor-anomaly",medium,equipment/process issue
Manufacturing QA,PKAI-0015,maintenance_log,yield loss,"{""thermal_cycles"": 80, ""hold_temp_c"": 55, ""impedance_limit_pct"": 8}",passed,process_notes/manufacturing_qa/maintenance_log_0015.md,"maintenance_log, manufacturing-qa, yield-loss",low,equipment/process issue
Equipment Maintenance,PKAI-0016,failure_report,validation threshold miss,"{""calibration_interval_days"": 14, ""sensor_offset_mv"": 3.2, ""line_pressure_kpa"": 210}",failed,process_notes/equipment_maintenance/failure_report_0016.md,"equipment-maintenance, failure_report, validation-threshold-miss",medium,materials issue
Failure Analysis,PKAI-0017,validation_summary,coating uniformity drift,"{""batch_solids_pct"": 48.5, ""mix_time_min"": 35, ""viscosity_cp"": 920}",passed,process_notes/failure_analysis/validation_summary_0017.md,"coating-uniformity-drift, failure-analysis, validation_summary",low,equipment/process issue
Validation Testing,PKAI-0018,parameter_change,thermal cycling impedance drift,"{""inspection_sample_size"": 120, ""defect_limit_pct"": 2.0, ""validation_threshold"": 0.95}",passed,process_notes/validation_testing/parameter_change_0018.md,"parameter_change, thermal-cycling-impedance-drift, validation-testing",medium,equipment/process issue
Battery Process Optimization,PKAI-0019,experiment_note,increased defect rate,"{""coating_speed_mpm"": 1.8, ""drying_time_min"": 22, ""oven_temp_c"": 82}",passed,process_notes/battery_process_optimization/experiment_note_0019.md,"battery-process-optimization, experiment_note, increased-defect-rate",low,equipment/process issue
Materials Characterization,PKAI-0020,qa_record,calibration offset,"{""coating_speed_mpm"": 2.1, ""drying_time_min"": 18, ""oven_temp_c"": 88}",warning,process_notes/materials_characterization/qa_record_0020.md,"calibration-offset, materials-characterization, qa_record",medium,equipment/process issue
Manufacturing QA,PKAI-0021,maintenance_log,material batch inconsistency,"{""thermal_cycles"": 80, ""hold_temp_c"": 55, ""impedance_limit_pct"": 8}",passed,process_notes/manufacturing_qa/maintenance_log_0021.md,"maintenance_log, manufacturing-qa, material-batch-inconsistency",low,materials issue
Equipment Maintenance,PKAI-0022,failure_report,sensor anomaly,"{""calibration_interval_days"": 14, ""sensor_offset_mv"": 3.2, ""line_pressure_kpa"": 210}",passed,process_notes/equipment_maintenance/failure_report_0022.md,"equipment-maintenance, failure_report, sensor-anomaly",low,equipment/process issue
Failure Analysis,PKAI-0023,validation_summary,yield loss,"{""batch_solids_pct"": 48.5, ""mix_time_min"": 35, ""viscosity_cp"": 920}",passed,process_notes/failure_analysis/validation_summary_0023.md,"failure-analysis, validation_summary, yield-loss",medium,materials issue
Validation Testing,PKAI-0024,parameter_change,validation threshold miss,"{""inspection_sample_size"": 120, ""defect_limit_pct"": 2.0, ""validation_threshold"": 0.95}",failed,process_notes/validation_testing/parameter_change_0024.md,"parameter_change, validation-testing, validation-threshold-miss",medium,materials issue
Battery Process Optimization,PKAI-0025,experiment_note,coating uniformity drift,"{""coating_speed_mpm"": 1.8, ""drying_time_min"": 22, ""oven_temp_c"": 82}",passed,process_notes/battery_process_optimization/experiment_note_0025.md,"battery-process-optimization, coating-uniformity-drift, experiment_note",medium,equipment/process issue
Materials Characterization,PKAI-0026,qa_record,thermal cycling impedance drift,"{""coating_speed_mpm"": 2.1, ""drying_time_min"": 18, ""oven_temp_c"": 88}",passed,process_notes/materials_characterization/qa_record_0026.md,"materials-characterization, qa_record, thermal-cycling-impedance-drift",medium,equipment/process issue
Manufacturing QA,PKAI-0027,maintenance_log,increased defect rate,"{""thermal_cycles"": 80, ""hold_temp_c"": 55, ""impedance_limit_pct"": 8}",warning,process_notes/manufacturing_qa/maintenance_log_0027.md,"increased-defect-rate, maintenance_log, manufacturing-qa",medium,equipment/process issue
Equipment Maintenance,PKAI-0028,failure_report,calibration offset,"{""calibration_interval_days"": 14, ""sensor_offset_mv"": 3.2, ""line_pressure_kpa"": 210}",warning,process_notes/equipment_maintenance/failure_report_0028.md,"calibration-offset, equipment-maintenance, failure_report",medium,equipment/process issue
Failure Analysis,PKAI-0029,validation_summary,material batch inconsistency,"{""batch_solids_pct"": 48.5, ""mix_time_min"": 35, ""viscosity_cp"": 920}",warning,process_notes/failure_analysis/validation_summary_0029.md,"failure-analysis, material-batch-inconsistency, validation_summary",medium,materials issue
Validation Testing,PKAI-0030,parameter_change,sensor anomaly,"{""inspection_sample_size"": 120, ""defect_limit_pct"": 2.0, ""validation_threshold"": 0.95}",passed,process_notes/validation_testing/parameter_change_0030.md,"parameter_change, sensor-anomaly, validation-testing",medium,equipment/process issue
Battery Process Optimization,PKAI-0031,experiment_note,yield loss,"{""coating_speed_mpm"": 1.8, ""drying_time_min"": 22, ""oven_temp_c"": 82}",failed,process_notes/battery_process_optimization/experiment_note_0031.md,"battery-process-optimization, experiment_note, yield-loss",high,equipment/process issue
Materials Characterization,PKAI-0032,qa_record,validation threshold miss,"{""coating_speed_mpm"": 2.1, ""drying_time_min"": 18, ""oven_temp_c"": 88}",failed,process_notes/materials_characterization/qa_record_0032.md,"materials-characterization, qa_record, validation-threshold-miss",medium,materials issue
Manufacturing QA,PKAI-0033,maintenance_log,coating uniformity drift,"{""thermal_cycles"": 80, ""hold_temp_c"": 55, ""impedance_limit_pct"": 8}",failed,process_notes/manufacturing_qa/maintenance_log_0033.md,"coating-uniformity-drift, maintenance_log, manufacturing-qa",high,equipment/process issue
Equipment Maintenance,PKAI-0034,failure_report,thermal cycling impedance drift,"{""calibration_interval_days"": 14, ""sensor_offset_mv"": 3.2, ""line_pressure_kpa"": 210}",failed,process_notes/equipment_maintenance/failure_report_0034.md,"equipment-maintenance, failure_report, thermal-cycling-impedance-drift",medium,equipment/process issue
Failure Analysis,PKAI-0035,validation_summary,increased defect rate,"{""batch_solids_pct"": 48.5, ""mix_time_min"": 35, ""viscosity_cp"": 920}",passed,process_notes/failure_analysis/validation_summary_0035.md,"failure-analysis, increased-defect-rate, validation_summary",medium,materials issue
Validation Testing,PKAI-0036,parameter_change,calibration offset,"{""inspection_sample_size"": 120, ""defect_limit_pct"": 2.0, ""validation_threshold"": 0.95}",passed,process_notes/validation_testing/parameter_change_0036.md,"calibration-offset, parameter_change, validation-testing",medium,equipment/process issue
Battery Process Optimization,PKAI-0037,experiment_note,material batch inconsistency,"{""coating_speed_mpm"": 1.8, ""drying_time_min"": 22, ""oven_temp_c"": 82}",warning,process_notes/battery_process_optimization/experiment_note_0037.md,"battery-process-optimization, experiment_note, material-batch-inconsistency",medium,materials issue
Materials Characterization,PKAI-0038,qa_record,sensor anomaly,"{""coating_speed_mpm"": 2.1, ""drying_time_min"": 18, ""oven_temp_c"": 88}",failed,process_notes/materials_characterization/qa_record_0038.md,"materials-characterization, qa_record, sensor-anomaly",medium,equipment/process issue
Manufacturing QA,PKAI-0039,maintenance_log,yield loss,"{""thermal_cycles"": 80, ""hold_temp_c"": 55, ""impedance_limit_pct"": 8}",passed,process_notes/manufacturing_qa/maintenance_log_0039.md,"maintenance_log, manufacturing-qa, yield-loss",low,equipment/process issue
Equipment Maintenance,PKAI-0040,failure_report,validation threshold miss,"{""calibration_interval_days"": 14, ""sensor_offset_mv"": 3.2, ""line_pressure_kpa"": 210}",failed,process_notes/equipment_maintenance/failure_report_0040.md,"equipment-maintenance, failure_report, validation-threshold-miss",medium,materials issue
Failure Analysis,PKAI-0041,validation_summary,coating uniformity drift,"{""batch_solids_pct"": 48.5, ""mix_time_min"": 35, ""viscosity_cp"": 920}",warning,process_notes/failure_analysis/validation_summary_0041.md,"coating-uniformity-drift, failure-analysis, validation_summary",medium,equipment/process issue
Validation Testing,PKAI-0042,parameter_change,thermal cycling impedance drift,"{""inspection_sample_size"": 120, ""defect_limit_pct"": 2.0, ""validation_threshold"": 0.95}",passed,process_notes/validation_testing/parameter_change_0042.md,"parameter_change, thermal-cycling-impedance-drift, validation-testing",low,equipment/process issue
Battery Process Optimization,PKAI-0043,experiment_note,increased defect rate,"{""coating_speed_mpm"": 1.8, ""drying_time_min"": 22, ""oven_temp_c"": 82}",passed,process_notes/battery_process_optimization/experiment_note_0043.md,"battery-process-optimization, experiment_note, increased-defect-rate",low,equipment/process issue
Materials Characterization,PKAI-0044,qa_record,calibration offset,"{""coating_speed_mpm"": 2.1, ""drying_time_min"": 18, ""oven_temp_c"": 88}",warning,process_notes/materials_characterization/qa_record_0044.md,"calibration-offset, materials-characterization, qa_record",medium,equipment/process issue
Manufacturing QA,PKAI-0045,maintenance_log,material batch inconsistency,"{""thermal_cycles"": 80, ""hold_temp_c"": 55, ""impedance_limit_pct"": 8}",passed,process_notes/manufacturing_qa/maintenance_log_0045.md,"maintenance_log, manufacturing-qa, material-batch-inconsistency",medium,materials issue
Equipment Maintenance,PKAI-0046,failure_report,sensor anomaly,"{""calibration_interval_days"": 14, ""sensor_offset_mv"": 3.2, ""line_pressure_kpa"": 210}",failed,process_notes/equipment_maintenance/failure_report_0046.md,"equipment-maintenance, failure_report, sensor-anomaly",high,equipment/process issue
Failure Analysis,PKAI-0047,validation_summary,yield loss,"{""batch_solids_pct"": 48.5, ""mix_time_min"": 35, ""viscosity_cp"": 920}",passed,process_notes/failure_analysis/validation_summary_0047.md,"failure-analysis, validation_summary, yield-loss",low,materials issue
Validation Testing,PKAI-0048,parameter_change,validation threshold miss,"{""inspection_sample_size"": 120, ""defect_limit_pct"": 2.0, ""validation_threshold"": 0.95}",warning,process_notes/validation_testing/parameter_change_0048.md,"parameter_change, validation-testing, validation-threshold-miss",medium,materials issue
Battery Process Optimization,PKAI-0049,experiment_note,coating uniformity drift,"{""coating_speed_mpm"": 1.8, ""drying_time_min"": 22, ""oven_temp_c"": 82}",passed,process_notes/battery_process_optimization/experiment_note_0049.md,"battery-process-optimization, coating-uniformity-drift, experiment_note",medium,equipment/process issue
Materials Characterization,PKAI-0050,qa_record,thermal cycling impedance drift,"{""coating_speed_mpm"": 2.1, ""drying_time_min"": 18, ""oven_temp_c"": 88}",warning,process_notes/materials_characterization/qa_record_0050.md,"materials-characterization, qa_record, thermal-cycling-impedance-drift",medium,equipment/process issue
Manufacturing QA,PKAI-0051,maintenance_log,increased defect rate,"{""thermal_cycles"": 80, ""hold_temp_c"": 55, ""impedance_limit_pct"": 8}",failed,process_notes/manufacturing_qa/maintenance_log_0051.md,"increased-defect-rate, maintenance_log, manufacturing-qa",high,equipment/process issue
Equipment Maintenance,PKAI-0052,failure_report,calibration offset,"{""calibration_interval_days"": 14, ""sensor_offset_mv"": 3.2, ""line_pressure_kpa"": 210}",passed,process_notes/equipment_maintenance/failure_report_0052.md,"calibration-offset, equipment-maintenance, failure_report",medium,equipment/process issue
Failure Analysis,PKAI-0053,validation_summary,material batch inconsistency,"{""batch_solids_pct"": 48.5, ""mix_time_min"": 35, ""viscosity_cp"": 920}",passed,process_notes/failure_analysis/validation_summary_0053.md,"failure-analysis, material-batch-inconsistency, validation_summary",medium,materials issue
Validation Testing,PKAI-0054,parameter_change,sensor anomaly,"{""inspection_sample_size"": 120, ""defect_limit_pct"": 2.0, ""validation_threshold"": 0.95}",passed,process_notes/validation_testing/parameter_change_0054.md,"parameter_change, sensor-anomaly, validation-testing",medium,equipment/process issue
Battery Process Optimization,PKAI-0055,experiment_note,yield loss,"{""coating_speed_mpm"": 1.8, ""drying_time_min"": 22, ""oven_temp_c"": 82}",passed,process_notes/battery_process_optimization/experiment_note_0055.md,"battery-process-optimization, experiment_note, yield-loss",low,equipment/process issue
Materials Characterization,PKAI-0056,qa_record,validation threshold miss,"{""coating_speed_mpm"": 2.1, ""drying_time_min"": 18, ""oven_temp_c"": 88}",passed,process_notes/materials_characterization/qa_record_0056.md,"materials-characterization, qa_record, validation-threshold-miss",low,materials issue
Manufacturing QA,PKAI-0057,maintenance_log,coating uniformity drift,"{""thermal_cycles"": 80, ""hold_temp_c"": 55, ""impedance_limit_pct"": 8}",warning,process_notes/manufacturing_qa/maintenance_log_0057.md,"coating-uniformity-drift, maintenance_log, manufacturing-qa",medium,equipment/process issue
Equipment Maintenance,PKAI-0058,failure_report,thermal cycling impedance drift,"{""calibration_interval_days"": 14, ""sensor_offset_mv"": 3.2, ""line_pressure_kpa"": 210}",passed,process_notes/equipment_maintenance/failure_report_0058.md,"equipment-maintenance, failure_report, thermal-cycling-impedance-drift",low,equipment/process issue
Failure Analysis,PKAI-0059,validation_summary,increased defect rate,"{""batch_solids_pct"": 48.5, ""mix_time_min"": 35, ""viscosity_cp"": 920}",failed,process_notes/failure_analysis/validation_summary_0059.md,"failure-analysis, increased-defect-rate, validation_summary",medium,materials issue
Validation Testing,PKAI-0060,parameter_change,calibration offset,"{""inspection_sample_size"": 120, ""defect_limit_pct"": 2.0, ""validation_threshold"": 0.95}",failed,process_notes/validation_testing/parameter_change_0060.md,"calibration-offset, parameter_change, validation-testing",medium,equipment/process issue
Battery Process Optimization,PKAI-0061,experiment_note,material batch inconsistency,"{""coating_speed_mpm"": 1.8, ""drying_time_min"": 22, ""oven_temp_c"": 82}",failed,process_notes/battery_process_optimization/experiment_note_0061.md,"battery-process-optimization, experiment_note, material-batch-inconsistency",medium,materials issue
Materials Characterization,PKAI-0062,qa_record,sensor anomaly,"{""coating_speed_mpm"": 2.1, ""drying_time_min"": 18, ""oven_temp_c"": 88}",passed,process_notes/materials_characterization/qa_record_0062.md,"materials-characterization, qa_record, sensor-anomaly",medium,equipment/process issue
Manufacturing QA,PKAI-0063,maintenance_log,yield loss,"{""thermal_cycles"": 80, ""hold_temp_c"": 55, ""impedance_limit_pct"": 8}",passed,process_notes/manufacturing_qa/maintenance_log_0063.md,"maintenance_log, manufacturing-qa, yield-loss",medium,equipment/process issue
Equipment Maintenance,PKAI-0064,failure_report,validation threshold miss,"{""calibration_interval_days"": 14, ""sensor_offset_mv"": 3.2, ""line_pressure_kpa"": 210}",passed,process_notes/equipment_maintenance/failure_report_0064.md,"equipment-maintenance, failure_report, validation-threshold-miss",medium,materials issue
Failure Analysis,PKAI-0065,validation_summary,coating uniformity drift,"{""batch_solids_pct"": 48.5, ""mix_time_min"": 35, ""viscosity_cp"": 920}",passed,process_notes/failure_analysis/validation_summary_0065.md,"coating-uniformity-drift, failure-analysis, validation_summary",low,equipment/process issue
Validation Testing,PKAI-0066,parameter_change,thermal cycling impedance drift,"{""inspection_sample_size"": 120, ""defect_limit_pct"": 2.0, ""validation_threshold"": 0.95}",failed,process_notes/validation_testing/parameter_change_0066.md,"parameter_change, thermal-cycling-impedance-drift, validation-testing",medium,equipment/process issue
Battery Process Optimization,PKAI-0067,experiment_note,increased defect rate,"{""coating_speed_mpm"": 1.8, ""drying_time_min"": 22, ""oven_temp_c"": 82}",passed,process_notes/battery_process_optimization/experiment_note_0067.md,"battery-process-optimization, experiment_note, increased-defect-rate",medium,equipment/process issue
Materials Characterization,PKAI-0068,qa_record,calibration offset,"{""coating_speed_mpm"": 2.1, ""drying_time_min"": 18, ""oven_temp_c"": 88}",warning,process_notes/materials_characterization/qa_record_0068.md,"calibration-offset, materials-characterization, qa_record",medium,equipment/process issue
Manufacturing QA,PKAI-0069,maintenance_log,material batch inconsistency,"{""thermal_cycles"": 80, ""hold_temp_c"": 55, ""impedance_limit_pct"": 8}",failed,process_notes/manufacturing_qa/maintenance_log_0069.md,"maintenance_log, manufacturing-qa, material-batch-inconsistency",medium,materials issue
Equipment Maintenance,PKAI-0070,failure_report,sensor anomaly,"{""calibration_interval_days"": 14, ""sensor_offset_mv"": 3.2, ""line_pressure_kpa"": 210}",passed,process_notes/equipment_maintenance/failure_report_0070.md,"equipment-maintenance, failure_report, sensor-anomaly",low,equipment/process issue
Failure Analysis,PKAI-0071,validation_summary,yield loss,"{""batch_solids_pct"": 48.5, ""mix_time_min"": 35, ""viscosity_cp"": 920}",failed,process_notes/failure_analysis/validation_summary_0071.md,"failure-analysis, validation_summary, yield-loss",high,materials issue
Validation Testing,PKAI-0072,parameter_change,validation threshold miss,"{""inspection_sample_size"": 120, ""defect_limit_pct"": 2.0, ""validation_threshold"": 0.95}",passed,process_notes/validation_testing/parameter_change_0072.md,"parameter_change, validation-testing, validation-threshold-miss",medium,materials issue
Battery Process Optimization,PKAI-0073,experiment_note,coating uniformity drift,"{""coating_speed_mpm"": 1.8, ""drying_time_min"": 22, ""oven_temp_c"": 82}",passed,process_notes/battery_process_optimization/experiment_note_0073.md,"battery-process-optimization, coating-uniformity-drift, experiment_note",medium,equipment/process issue
Materials Characterization,PKAI-0074,qa_record,thermal cycling impedance drift,"{""coating_speed_mpm"": 2.1, ""drying_time_min"": 18, ""oven_temp_c"": 88}",passed,process_notes/materials_characterization/qa_record_0074.md,"materials-characterization, qa_record, thermal-cycling-impedance-drift",medium,equipment/process issue
Manufacturing QA,PKAI-0075,maintenance_log,increased defect rate,"{""thermal_cycles"": 80, ""hold_temp_c"": 55, ""impedance_limit_pct"": 8}",failed,process_notes/manufacturing_qa/maintenance_log_0075.md,"increased-defect-rate, maintenance_log, manufacturing-qa",high,equipment/process issue
Equipment Maintenance,PKAI-0076,failure_report,calibration offset,"{""calibration_interval_days"": 14, ""sensor_offset_mv"": 3.2, ""line_pressure_kpa"": 210}",passed,process_notes/equipment_maintenance/failure_report_0076.md,"calibration-offset, equipment-maintenance, failure_report",medium,equipment/process issue
Failure Analysis,PKAI-0077,validation_summary,material batch inconsistency,"{""batch_solids_pct"": 48.5, ""mix_time_min"": 35, ""viscosity_cp"": 920}",passed,process_notes/failure_analysis/validation_summary_0077.md,"failure-analysis, material-batch-inconsistency, validation_summary",medium,materials issue
Validation Testing,PKAI-0078,parameter_change,sensor anomaly,"{""inspection_sample_size"": 120, ""defect_limit_pct"": 2.0, ""validation_threshold"": 0.95}",failed,process_notes/validation_testing/parameter_change_0078.md,"parameter_change, sensor-anomaly, validation-testing",medium,equipment/process issue
Battery Process Optimization,PKAI-0079,experiment_note,yield loss,"{""coating_speed_mpm"": 1.8, ""drying_time_min"": 22, ""oven_temp_c"": 82}",warning,process_notes/battery_process_optimization/experiment_note_0079.md,"battery-process-optimization, experiment_note, yield-loss",medium,equipment/process issue
Materials Characterization,PKAI-0080,qa_record,validation threshold miss,"{""coating_speed_mpm"": 2.1, ""drying_time_min"": 18, ""oven_temp_c"": 88}",failed,process_notes/materials_characterization/qa_record_0080.md,"materials-characterization, qa_record, validation-threshold-miss",medium,materials issue
Manufacturing QA,PKAI-0081,maintenance_log,coating uniformity drift,"{""thermal_cycles"": 80, ""hold_temp_c"": 55, ""impedance_limit_pct"": 8}",passed,process_notes/manufacturing_qa/maintenance_log_0081.md,"coating-uniformity-drift, maintenance_log, manufacturing-qa",medium,equipment/process issue
Equipment Maintenance,PKAI-0082,failure_report,thermal cycling impedance drift,"{""calibration_interval_days"": 14, ""sensor_offset_mv"": 3.2, ""line_pressure_kpa"": 210}",failed,process_notes/equipment_maintenance/failure_report_0082.md,"equipment-maintenance, failure_report, thermal-cycling-impedance-drift",medium,equipment/process issue
Failure Analysis,PKAI-0083,validation_summary,increased defect rate,"{""batch_solids_pct"": 48.5, ""mix_time_min"": 35, ""viscosity_cp"": 920}",passed,process_notes/failure_analysis/validation_summary_0083.md,"failure-analysis, increased-defect-rate, validation_summary",medium,materials issue
Validation Testing,PKAI-0084,parameter_change,calibration offset,"{""inspection_sample_size"": 120, ""defect_limit_pct"": 2.0, ""validation_threshold"": 0.95}",passed,process_notes/validation_testing/parameter_change_0084.md,"calibration-offset, parameter_change, validation-testing",medium,equipment/process issue
Battery Process Optimization,PKAI-0085,experiment_note,material batch inconsistency,"{""coating_speed_mpm"": 1.8, ""drying_time_min"": 22, ""oven_temp_c"": 82}",passed,process_notes/battery_process_optimization/experiment_note_0085.md,"battery-process-optimization, experiment_note, material-batch-inconsistency",medium,materials issue
Materials Characterization,PKAI-0086,qa_record,sensor anomaly,"{""coating_speed_mpm"": 2.1, ""drying_time_min"": 18, ""oven_temp_c"": 88}",warning,process_notes/materials_characterization/qa_record_0086.md,"materials-characterization, qa_record, sensor-anomaly",medium,equipment/process issue
Manufacturing QA,PKAI-0087,maintenance_log,yield loss,"{""thermal_cycles"": 80, ""hold_temp_c"": 55, ""impedance_limit_pct"": 8}",passed,process_notes/manufacturing_qa/maintenance_log_0087.md,"maintenance_log, manufacturing-qa, yield-loss",low,equipment/process issue
Equipment Maintenance,PKAI-0088,failure_report,validation threshold miss,"{""calibration_interval_days"": 14, ""sensor_offset_mv"": 3.2, ""line_pressure_kpa"": 210}",passed,process_notes/equipment_maintenance/failure_report_0088.md,"equipment-maintenance, failure_report, validation-threshold-miss",low,materials issue
Failure Analysis,PKAI-0089,validation_summary,coating uniformity drift,"{""batch_solids_pct"": 48.5, ""mix_time_min"": 35, ""viscosity_cp"": 920}",passed,process_notes/failure_analysis/validation_summary_0089.md,"coating-uniformity-drift, failure-analysis, validation_summary",medium,equipment/process issue
Validation Testing,PKAI-0090,parameter_change,thermal cycling impedance drift,"{""inspection_sample_size"": 120, ""defect_limit_pct"": 2.0, ""validation_threshold"": 0.95}",passed,process_notes/validation_testing/parameter_change_0090.md,"parameter_change, thermal-cycling-impedance-drift, validation-testing",low,equipment/process issue
Battery Process Optimization,PKAI-0091,experiment_note,increased defect rate,"{""coating_speed_mpm"": 1.8, ""drying_time_min"": 22, ""oven_temp_c"": 82}",failed,process_notes/battery_process_optimization/experiment_note_0091.md,"battery-process-optimization, experiment_note, increased-defect-rate",medium,equipment/process issue
Materials Characterization,PKAI-0092,qa_record,calibration offset,"{""coating_speed_mpm"": 2.1, ""drying_time_min"": 18, ""oven_temp_c"": 88}",failed,process_notes/materials_characterization/qa_record_0092.md,"calibration-offset, materials-characterization, qa_record",medium,equipment/process issue
Manufacturing QA,PKAI-0093,maintenance_log,material batch inconsistency,"{""thermal_cycles"": 80, ""hold_temp_c"": 55, ""impedance_limit_pct"": 8}",passed,process_notes/manufacturing_qa/maintenance_log_0093.md,"maintenance_log, manufacturing-qa, material-batch-inconsistency",medium,materials issue
Equipment Maintenance,PKAI-0094,failure_report,sensor anomaly,"{""calibration_interval_days"": 14, ""sensor_offset_mv"": 3.2, ""line_pressure_kpa"": 210}",failed,process_notes/equipment_maintenance/failure_report_0094.md,"equipment-maintenance, failure_report, sensor-anomaly",high,equipment/process issue
Failure Analysis,PKAI-0095,validation_summary,yield loss,"{""batch_solids_pct"": 48.5, ""mix_time_min"": 35, ""viscosity_cp"": 920}",passed,process_notes/failure_analysis/validation_summary_0095.md,"failure-analysis, validation_summary, yield-loss",low,materials issue
Validation Testing,PKAI-0096,parameter_change,validation threshold miss,"{""inspection_sample_size"": 120, ""defect_limit_pct"": 2.0, ""validation_threshold"": 0.95}",passed,process_notes/validation_testing/parameter_change_0096.md,"parameter_change, validation-testing, validation-threshold-miss",medium,materials issue
Battery Process Optimization,PKAI-0097,experiment_note,coating uniformity drift,"{""coating_speed_mpm"": 1.8, ""drying_time_min"": 22, ""oven_temp_c"": 82}",failed,process_notes/battery_process_optimization/experiment_note_0097.md,"battery-process-optimization, coating-uniformity-drift, experiment_note",high,equipment/process issue
Materials Characterization,PKAI-0098,qa_record,thermal cycling impedance drift,"{""coating_speed_mpm"": 2.1, ""drying_time_min"": 18, ""oven_temp_c"": 88}",passed,process_notes/materials_characterization/qa_record_0098.md,"materials-characterization, qa_record, thermal-cycling-impedance-drift",medium,equipment/process issue
Manufacturing QA,PKAI-0099,maintenance_log,increased defect rate,"{""thermal_cycles"": 80, ""hold_temp_c"": 55, ""impedance_limit_pct"": 8}",passed,process_notes/manufacturing_qa/maintenance_log_0099.md,"increased-defect-rate, maintenance_log, manufacturing-qa",medium,equipment/process issue
Equipment Maintenance,PKAI-0100,failure_report,calibration offset,"{""calibration_interval_days"": 14, ""sensor_offset_mv"": 3.2, ""line_pressure_kpa"": 210}",warning,process_notes/equipment_maintenance/failure_report_0100.md,"calibration-offset, equipment-maintenance, failure_report",medium,equipment/process issue
Failure Analysis,PKAI-0101,validation_summary,material batch inconsistency,"{""batch_solids_pct"": 48.5, ""mix_time_min"": 35, ""viscosity_cp"": 920}",warning,process_notes/failure_analysis/validation_summary_0101.md,"failure-analysis, material-batch-inconsistency, validation_summary",medium,materials issue
Validation Testing,PKAI-0102,parameter_change,sensor anomaly,"{""inspection_sample_size"": 120, ""defect_limit_pct"": 2.0, ""validation_threshold"": 0.95}",passed,process_notes/validation_testing/parameter_change_0102.md,"parameter_change, sensor-anomaly, validation-testing",medium,equipment/process issue
Battery Process Optimization,PKAI-0103,experiment_note,yield loss,"{""coating_speed_mpm"": 1.8, ""drying_time_min"": 22, ""oven_temp_c"": 82}",failed,process_notes/battery_process_optimization/experiment_note_0103.md,"battery-process-optimization, experiment_note, yield-loss",high,equipment/process issue
Materials Characterization,PKAI-0104,qa_record,validation threshold miss,"{""coating_speed_mpm"": 2.1, ""drying_time_min"": 18, ""oven_temp_c"": 88}",warning,process_notes/materials_characterization/qa_record_0104.md,"materials-characterization, qa_record, validation-threshold-miss",medium,materials issue
Manufacturing QA,PKAI-0105,maintenance_log,coating uniformity drift,"{""thermal_cycles"": 80, ""hold_temp_c"": 55, ""impedance_limit_pct"": 8}",warning,process_notes/manufacturing_qa/maintenance_log_0105.md,"coating-uniformity-drift, maintenance_log, manufacturing-qa",medium,equipment/process issue
Equipment Maintenance,PKAI-0106,failure_report,thermal cycling impedance drift,"{""calibration_interval_days"": 14, ""sensor_offset_mv"": 3.2, ""line_pressure_kpa"": 210}",failed,process_notes/equipment_maintenance/failure_report_0106.md,"equipment-maintenance, failure_report, thermal-cycling-impedance-drift",medium,equipment/process issue
Failure Analysis,PKAI-0107,validation_summary,increased defect rate,"{""batch_solids_pct"": 48.5, ""mix_time_min"": 35, ""viscosity_cp"": 920}",passed,process_notes/failure_analysis/validation_summary_0107.md,"failure-analysis, increased-defect-rate, validation_summary",medium,materials issue
Validation Testing,PKAI-0108,parameter_change,calibration offset,"{""inspection_sample_size"": 120, ""defect_limit_pct"": 2.0, ""validation_threshold"": 0.95}",failed,process_notes/validation_testing/parameter_change_0108.md,"calibration-offset, parameter_change, validation-testing",medium,equipment/process issue
Battery Process Optimization,PKAI-0109,experiment_note,material batch inconsistency,"{""coating_speed_mpm"": 1.8, ""drying_time_min"": 22, ""oven_temp_c"": 82}",passed,process_notes/battery_process_optimization/experiment_note_0109.md,"battery-process-optimization, experiment_note, material-batch-inconsistency",low,materials issue
Materials Characterization,PKAI-0110,qa_record,sensor anomaly,"{""coating_speed_mpm"": 2.1, ""drying_time_min"": 18, ""oven_temp_c"": 88}",failed,process_notes/materials_characterization/qa_record_0110.md,"materials-characterization, qa_record, sensor-anomaly",medium,equipment/process issue
Manufacturing QA,PKAI-0111,maintenance_log,yield loss,"{""thermal_cycles"": 80, ""hold_temp_c"": 55, ""impedance_limit_pct"": 8}",passed,process_notes/manufacturing_qa/maintenance_log_0111.md,"maintenance_log, manufacturing-qa, yield-loss",low,equipment/process issue
Equipment Maintenance,PKAI-0112,failure_report,validation threshold miss,"{""calibration_interval_days"": 14, ""sensor_offset_mv"": 3.2, ""line_pressure_kpa"": 210}",failed,process_notes/equipment_maintenance/failure_report_0112.md,"equipment-maintenance, failure_report, validation-threshold-miss",high,materials issue
Failure Analysis,PKAI-0113,validation_summary,coating uniformity drift,"{""batch_solids_pct"": 48.5, ""mix_time_min"": 35, ""viscosity_cp"": 920}",failed,process_notes/failure_analysis/validation_summary_0113.md,"coating-uniformity-drift, failure-analysis, validation_summary",medium,equipment/process issue
Validation Testing,PKAI-0114,parameter_change,thermal cycling impedance drift,"{""inspection_sample_size"": 120, ""defect_limit_pct"": 2.0, ""validation_threshold"": 0.95}",failed,process_notes/validation_testing/parameter_change_0114.md,"parameter_change, thermal-cycling-impedance-drift, validation-testing",medium,equipment/process issue
Battery Process Optimization,PKAI-0115,experiment_note,increased defect rate,"{""coating_speed_mpm"": 1.8, ""drying_time_min"": 22, ""oven_temp_c"": 82}",passed,process_notes/battery_process_optimization/experiment_note_0115.md,"battery-process-optimization, experiment_note, increased-defect-rate",low,equipment/process issue
Materials Characterization,PKAI-0116,qa_record,calibration offset,"{""coating_speed_mpm"": 2.1, ""drying_time_min"": 18, ""oven_temp_c"": 88}",passed,process_notes/materials_characterization/qa_record_0116.md,"calibration-offset, materials-characterization, qa_record",low,equipment/process issue
Manufacturing QA,PKAI-0117,maintenance_log,material batch inconsistency,"{""thermal_cycles"": 80, ""hold_temp_c"": 55, ""impedance_limit_pct"": 8}",passed,process_notes/manufacturing_qa/maintenance_log_0117.md,"maintenance_log, manufacturing-qa, material-batch-inconsistency",low,materials issue
Equipment Maintenance,PKAI-0118,failure_report,sensor anomaly,"{""calibration_interval_days"": 14, ""sensor_offset_mv"": 3.2, ""line_pressure_kpa"": 210}",failed,process_notes/equipment_maintenance/failure_report_0118.md,"equipment-maintenance, failure_report, sensor-anomaly",high,equipment/process issue
Failure Analysis,PKAI-0119,validation_summary,yield loss,"{""batch_solids_pct"": 48.5, ""mix_time_min"": 35, ""viscosity_cp"": 920}",passed,process_notes/failure_analysis/validation_summary_0119.md,"failure-analysis, validation_summary, yield-loss",low,materials issue
Validation Testing,PKAI-0120,parameter_change,validation threshold miss,"{""inspection_sample_size"": 120, ""defect_limit_pct"": 2.0, ""validation_threshold"": 0.95}",passed,process_notes/validation_testing/parameter_change_0120.md,"parameter_change, validation-testing, validation-threshold-miss",medium,materials issue
Battery Process Optimization,PKAI-0121,experiment_note,coating uniformity drift,"{""coating_speed_mpm"": 1.8, ""drying_time_min"": 22, ""oven_temp_c"": 82}",passed,process_notes/battery_process_optimization/experiment_note_0121.md,"battery-process-optimization, coating-uniformity-drift, experiment_note",medium,equipment/process issue
Materials Characterization,PKAI-0122,qa_record,thermal cycling impedance drift,"{""coating_speed_mpm"": 2.1, ""drying_time_min"": 18, ""oven_temp_c"": 88}",warning,process_notes/materials_characterization/qa_record_0122.md,"materials-characterization, qa_record, thermal-cycling-impedance-drift",medium,equipment/process issue
Manufacturing QA,PKAI-0123,maintenance_log,increased defect rate,"{""thermal_cycles"": 80, ""hold_temp_c"": 55, ""impedance_limit_pct"": 8}",passed,process_notes/manufacturing_qa/maintenance_log_0123.md,"increased-defect-rate, maintenance_log, manufacturing-qa",low,equipment/process issue
Equipment Maintenance,PKAI-0124,failure_report,calibration offset,"{""calibration_interval_days"": 14, ""sensor_offset_mv"": 3.2, ""line_pressure_kpa"": 210}",failed,process_notes/equipment_maintenance/failure_report_0124.md,"calibration-offset, equipment-maintenance, failure_report",high,equipment/process issue
Failure Analysis,PKAI-0125,validation_summary,material batch inconsistency,"{""batch_solids_pct"": 48.5, ""mix_time_min"": 35, ""viscosity_cp"": 920}",passed,process_notes/failure_analysis/validation_summary_0125.md,"failure-analysis, material-batch-inconsistency, validation_summary",low,materials issue
Validation Testing,PKAI-0126,parameter_change,sensor anomaly,"{""inspection_sample_size"": 120, ""defect_limit_pct"": 2.0, ""validation_threshold"": 0.95}",warning,process_notes/validation_testing/parameter_change_0126.md,"parameter_change, sensor-anomaly, validation-testing",medium,equipment/process issue
Battery Process Optimization,PKAI-0127,experiment_note,yield loss,"{""coating_speed_mpm"": 1.8, ""drying_time_min"": 22, ""oven_temp_c"": 82}",passed,process_notes/battery_process_optimization/experiment_note_0127.md,"battery-process-optimization, experiment_note, yield-loss",medium,equipment/process issue
Materials Characterization,PKAI-0128,qa_record,validation threshold miss,"{""coating_speed_mpm"": 2.1, ""drying_time_min"": 18, ""oven_temp_c"": 88}",passed,process_notes/materials_characterization/qa_record_0128.md,"materials-characterization, qa_record, validation-threshold-miss",medium,materials issue
Manufacturing QA,PKAI-0129,maintenance_log,coating uniformity drift,"{""thermal_cycles"": 80, ""hold_temp_c"": 55, ""impedance_limit_pct"": 8}",failed,process_notes/manufacturing_qa/maintenance_log_0129.md,"coating-uniformity-drift, maintenance_log, manufacturing-qa",medium,equipment/process issue
Equipment Maintenance,PKAI-0130,failure_report,thermal cycling impedance drift,"{""calibration_interval_days"": 14, ""sensor_offset_mv"": 3.2, ""line_pressure_kpa"": 210}",failed,process_notes/equipment_maintenance/failure_report_0130.md,"equipment-maintenance, failure_report, thermal-cycling-impedance-drift",medium,equipment/process issue
Failure Analysis,PKAI-0131,validation_summary,increased defect rate,"{""batch_solids_pct"": 48.5, ""mix_time_min"": 35, ""viscosity_cp"": 920}",failed,process_notes/failure_analysis/validation_summary_0131.md,"failure-analysis, increased-defect-rate, validation_summary",medium,materials issue
Validation Testing,PKAI-0132,parameter_change,calibration offset,"{""inspection_sample_size"": 120, ""defect_limit_pct"": 2.0, ""validation_threshold"": 0.95}",passed,process_notes/validation_testing/parameter_change_0132.md,"calibration-offset, parameter_change, validation-testing",low,equipment/process issue
Battery Process Optimization,PKAI-0133,experiment_note,material batch inconsistency,"{""coating_speed_mpm"": 1.8, ""drying_time_min"": 22, ""oven_temp_c"": 82}",failed,process_notes/battery_process_optimization/experiment_note_0133.md,"battery-process-optimization, experiment_note, material-batch-inconsistency",medium,materials issue
Materials Characterization,PKAI-0134,qa_record,sensor anomaly,"{""coating_speed_mpm"": 2.1, ""drying_time_min"": 18, ""oven_temp_c"": 88}",warning,process_notes/materials_characterization/qa_record_0134.md,"materials-characterization, qa_record, sensor-anomaly",medium,equipment/process issue
Manufacturing QA,PKAI-0135,maintenance_log,yield loss,"{""thermal_cycles"": 80, ""hold_temp_c"": 55, ""impedance_limit_pct"": 8}",passed,process_notes/manufacturing_qa/maintenance_log_0135.md,"maintenance_log, manufacturing-qa, yield-loss",low,equipment/process issue
Equipment Maintenance,PKAI-0136,failure_report,validation threshold miss,"{""calibration_interval_days"": 14, ""sensor_offset_mv"": 3.2, ""line_pressure_kpa"": 210}",passed,process_notes/equipment_maintenance/failure_report_0136.md,"equipment-maintenance, failure_report, validation-threshold-miss",low,materials issue
Failure Analysis,PKAI-0137,validation_summary,coating uniformity drift,"{""batch_solids_pct"": 48.5, ""mix_time_min"": 35, ""viscosity_cp"": 920}",passed,process_notes/failure_analysis/validation_summary_0137.md,"coating-uniformity-drift, failure-analysis, validation_summary",medium,equipment/process issue
Validation Testing,PKAI-0138,parameter_change,thermal cycling impedance drift,"{""inspection_sample_size"": 120, ""defect_limit_pct"": 2.0, ""validation_threshold"": 0.95}",passed,process_notes/validation_testing/parameter_change_0138.md,"parameter_change, thermal-cycling-impedance-drift, validation-testing",low,equipment/process issue
Battery Process Optimization,PKAI-0139,experiment_note,increased defect rate,"{""coating_speed_mpm"": 1.8, ""drying_time_min"": 22, ""oven_temp_c"": 82}",failed,process_notes/battery_process_optimization/experiment_note_0139.md,"battery-process-optimization, experiment_note, increased-defect-rate",medium,equipment/process issue
Materials Characterization,PKAI-0140,qa_record,calibration offset,"{""coating_speed_mpm"": 2.1, ""drying_time_min"": 18, ""oven_temp_c"": 88}",passed,process_notes/materials_characterization/qa_record_0140.md,"calibration-offset, materials-characterization, qa_record",medium,equipment/process issue
Manufacturing QA,PKAI-0141,maintenance_log,material batch inconsistency,"{""thermal_cycles"": 80, ""hold_temp_c"": 55, ""impedance_limit_pct"": 8}",failed,process_notes/manufacturing_qa/maintenance_log_0141.md,"maintenance_log, manufacturing-qa, material-batch-inconsistency",medium,materials issue
Equipment Maintenance,PKAI-0142,failure_report,sensor anomaly,"{""calibration_interval_days"": 14, ""sensor_offset_mv"": 3.2, ""line_pressure_kpa"": 210}",failed,process_notes/equipment_maintenance/failure_report_0142.md,"equipment-maintenance, failure_report, sensor-anomaly",high,equipment/process issue
Failure Analysis,PKAI-0143,validation_summary,yield loss,"{""batch_solids_pct"": 48.5, ""mix_time_min"": 35, ""viscosity_cp"": 920}",warning,process_notes/failure_analysis/validation_summary_0143.md,"failure-analysis, validation_summary, yield-loss",medium,materials issue
Validation Testing,PKAI-0144,parameter_change,validation threshold miss,"{""inspection_sample_size"": 120, ""defect_limit_pct"": 2.0, ""validation_threshold"": 0.95}",failed,process_notes/validation_testing/parameter_change_0144.md,"parameter_change, validation-testing, validation-threshold-miss",high,materials issue
Battery Process Optimization,PKAI-0145,experiment_note,coating uniformity drift,"{""coating_speed_mpm"": 1.8, ""drying_time_min"": 22, ""oven_temp_c"": 82}",failed,process_notes/battery_process_optimization/experiment_note_0145.md,"battery-process-optimization, coating-uniformity-drift, experiment_note",high,equipment/process issue
Materials Characterization,PKAI-0146,qa_record,thermal cycling impedance drift,"{""coating_speed_mpm"": 2.1, ""drying_time_min"": 18, ""oven_temp_c"": 88}",warning,process_notes/materials_characterization/qa_record_0146.md,"materials-characterization, qa_record, thermal-cycling-impedance-drift",medium,equipment/process issue
Manufacturing QA,PKAI-0147,maintenance_log,increased defect rate,"{""thermal_cycles"": 80, ""hold_temp_c"": 55, ""impedance_limit_pct"": 8}",passed,process_notes/manufacturing_qa/maintenance_log_0147.md,"increased-defect-rate, maintenance_log, manufacturing-qa",medium,equipment/process issue
Equipment Maintenance,PKAI-0148,failure_report,calibration offset,"{""calibration_interval_days"": 14, ""sensor_offset_mv"": 3.2, ""line_pressure_kpa"": 210}",warning,process_notes/equipment_maintenance/failure_report_0148.md,"calibration-offset, equipment-maintenance, failure_report",medium,equipment/process issue
Failure Analysis,PKAI-0149,validation_summary,material batch inconsistency,"{""batch_solids_pct"": 48.5, ""mix_time_min"": 35, ""viscosity_cp"": 920}",warning,process_notes/failure_analysis/validation_summary_0149.md,"failure-analysis, material-batch-inconsistency, validation_summary",medium,materials issue
Validation Testing,PKAI-0150,parameter_change,sensor anomaly,"{""inspection_sample_size"": 120, ""defect_limit_pct"": 2.0, ""validation_threshold"": 0.95}",failed,process_notes/validation_testing/parameter_change_0150.md,"parameter_change, sensor-anomaly, validation-testing",high,equipment/process issue
Battery Process Optimization,PKAI-0151,experiment_note,yield loss,"{""coating_speed_mpm"": 1.8, ""drying_time_min"": 22, ""oven_temp_c"": 82}",failed,process_notes/battery_process_optimization/experiment_note_0151.md,"battery-process-optimization, experiment_note, yield-loss",medium,equipment/process issue
Materials Characterization,PKAI-0152,qa_record,validation threshold miss,"{""coating_speed_mpm"": 2.1, ""drying_time_min"": 18, ""oven_temp_c"": 88}",failed,process_notes/materials_characterization/qa_record_0152.md,"materials-characterization, qa_record, validation-threshold-miss",medium,materials issue
Manufacturing QA,PKAI-0153,maintenance_log,coating uniformity drift,"{""thermal_cycles"": 80, ""hold_temp_c"": 55, ""impedance_limit_pct"": 8}",passed,process_notes/manufacturing_qa/maintenance_log_0153.md,"coating-uniformity-drift, maintenance_log, manufacturing-qa",medium,equipment/process issue
Equipment Maintenance,PKAI-0154,failure_report,thermal cycling impedance drift,"{""calibration_interval_days"": 14, ""sensor_offset_mv"": 3.2, ""line_pressure_kpa"": 210}",failed,process_notes/equipment_maintenance/failure_report_0154.md,"equipment-maintenance, failure_report, thermal-cycling-impedance-drift",high,equipment/process issue
Failure Analysis,PKAI-0155,validation_summary,increased defect rate,"{""batch_solids_pct"": 48.5, ""mix_time_min"": 35, ""viscosity_cp"": 920}",passed,process_notes/failure_analysis/validation_summary_0155.md,"failure-analysis, increased-defect-rate, validation_summary",medium,materials issue
Validation Testing,PKAI-0156,parameter_change,calibration offset,"{""inspection_sample_size"": 120, ""defect_limit_pct"": 2.0, ""validation_threshold"": 0.95}",passed,process_notes/validation_testing/parameter_change_0156.md,"calibration-offset, parameter_change, validation-testing",low,equipment/process issue
Battery Process Optimization,PKAI-0157,experiment_note,material batch inconsistency,"{""coating_speed_mpm"": 1.8, ""drying_time_min"": 22, ""oven_temp_c"": 82}",failed,process_notes/battery_process_optimization/experiment_note_0157.md,"battery-process-optimization, experiment_note, material-batch-inconsistency",high,materials issue
Materials Characterization,PKAI-0158,qa_record,sensor anomaly,"{""coating_speed_mpm"": 2.1, ""drying_time_min"": 18, ""oven_temp_c"": 88}",warning,process_notes/materials_characterization/qa_record_0158.md,"materials-characterization, qa_record, sensor-anomaly",medium,equipment/process issue
Manufacturing QA,PKAI-0159,maintenance_log,yield loss,"{""thermal_cycles"": 80, ""hold_temp_c"": 55, ""impedance_limit_pct"": 8}",warning,process_notes/manufacturing_qa/maintenance_log_0159.md,"maintenance_log, manufacturing-qa, yield-loss",medium,equipment/process issue
Equipment Maintenance,PKAI-0160,failure_report,validation threshold miss,"{""calibration_interval_days"": 14, ""sensor_offset_mv"": 3.2, ""line_pressure_kpa"": 210}",passed,process_notes/equipment_maintenance/failure_report_0160.md,"equipment-maintenance, failure_report, validation-threshold-miss",medium,materials issue
Failure Analysis,PKAI-0161,validation_summary,coating uniformity drift,"{""batch_solids_pct"": 48.5, ""mix_time_min"": 35, ""viscosity_cp"": 920}",passed,process_notes/failure_analysis/validation_summary_0161.md,"coating-uniformity-drift, failure-analysis, validation_summary",medium,equipment/process issue
Validation Testing,PKAI-0162,parameter_change,thermal cycling impedance drift,"{""inspection_sample_size"": 120, ""defect_limit_pct"": 2.0, ""validation_threshold"": 0.95}",warning,process_notes/validation_testing/parameter_change_0162.md,"parameter_change, thermal-cycling-impedance-drift, validation-testing",medium,equipment/process issue
Battery Process Optimization,PKAI-0163,experiment_note,increased defect rate,"{""coating_speed_mpm"": 1.8, ""drying_time_min"": 22, ""oven_temp_c"": 82}",failed,process_notes/battery_process_optimization/experiment_note_0163.md,"battery-process-optimization, experiment_note, increased-defect-rate",medium,equipment/process issue
Materials Characterization,PKAI-0164,qa_record,calibration offset,"{""coating_speed_mpm"": 2.1, ""drying_time_min"": 18, ""oven_temp_c"": 88}",failed,process_notes/materials_characterization/qa_record_0164.md,"calibration-offset, materials-characterization, qa_record",medium,equipment/process issue
Manufacturing QA,PKAI-0165,maintenance_log,material batch inconsistency,"{""thermal_cycles"": 80, ""hold_temp_c"": 55, ""impedance_limit_pct"": 8}",warning,process_notes/manufacturing_qa/maintenance_log_0165.md,"maintenance_log, manufacturing-qa, material-batch-inconsistency",medium,materials issue
Equipment Maintenance,PKAI-0166,failure_report,sensor anomaly,"{""calibration_interval_days"": 14, ""sensor_offset_mv"": 3.2, ""line_pressure_kpa"": 210}",passed,process_notes/equipment_maintenance/failure_report_0166.md,"equipment-maintenance, failure_report, sensor-anomaly",low,equipment/process issue
Failure Analysis,PKAI-0167,validation_summary,yield loss,"{""batch_solids_pct"": 48.5, ""mix_time_min"": 35, ""viscosity_cp"": 920}",warning,process_notes/failure_analysis/validation_summary_0167.md,"failure-analysis, validation_summary, yield-loss",medium,materials issue
Validation Testing,PKAI-0168,parameter_change,validation threshold miss,"{""inspection_sample_size"": 120, ""defect_limit_pct"": 2.0, ""validation_threshold"": 0.95}",passed,process_notes/validation_testing/parameter_change_0168.md,"parameter_change, validation-testing, validation-threshold-miss",low,materials issue
Battery Process Optimization,PKAI-0169,experiment_note,coating uniformity drift,"{""coating_speed_mpm"": 1.8, ""drying_time_min"": 22, ""oven_temp_c"": 82}",failed,process_notes/battery_process_optimization/experiment_note_0169.md,"battery-process-optimization, coating-uniformity-drift, experiment_note",medium,equipment/process issue
Materials Characterization,PKAI-0170,qa_record,thermal cycling impedance drift,"{""coating_speed_mpm"": 2.1, ""drying_time_min"": 18, ""oven_temp_c"": 88}",passed,process_notes/materials_characterization/qa_record_0170.md,"materials-characterization, qa_record, thermal-cycling-impedance-drift",low,equipment/process issue
Manufacturing QA,PKAI-0171,maintenance_log,increased defect rate,"{""thermal_cycles"": 80, ""hold_temp_c"": 55, ""impedance_limit_pct"": 8}",passed,process_notes/manufacturing_qa/maintenance_log_0171.md,"increased-defect-rate, maintenance_log, manufacturing-qa",medium,equipment/process issue
Equipment Maintenance,PKAI-0172,failure_report,calibration offset,"{""calibration_interval_days"": 14, ""sensor_offset_mv"": 3.2, ""line_pressure_kpa"": 210}",passed,process_notes/equipment_maintenance/failure_report_0172.md,"calibration-offset, equipment-maintenance, failure_report",medium,equipment/process issue
Failure Analysis,PKAI-0173,validation_summary,material batch inconsistency,"{""batch_solids_pct"": 48.5, ""mix_time_min"": 35, ""viscosity_cp"": 920}",passed,process_notes/failure_analysis/validation_summary_0173.md,"failure-analysis, material-batch-inconsistency, validation_summary",medium,materials issue
Validation Testing,PKAI-0174,parameter_change,sensor anomaly,"{""inspection_sample_size"": 120, ""defect_limit_pct"": 2.0, ""validation_threshold"": 0.95}",warning,process_notes/validation_testing/parameter_change_0174.md,"parameter_change, sensor-anomaly, validation-testing",medium,equipment/process issue
Battery Process Optimization,PKAI-0175,experiment_note,yield loss,"{""coating_speed_mpm"": 1.8, ""drying_time_min"": 22, ""oven_temp_c"": 82}",warning,process_notes/battery_process_optimization/experiment_note_0175.md,"battery-process-optimization, experiment_note, yield-loss",medium,equipment/process issue
Materials Characterization,PKAI-0176,qa_record,validation threshold miss,"{""coating_speed_mpm"": 2.1, ""drying_time_min"": 18, ""oven_temp_c"": 88}",failed,process_notes/materials_characterization/qa_record_0176.md,"materials-characterization, qa_record, validation-threshold-miss",medium,materials issue
Manufacturing QA,PKAI-0177,maintenance_log,coating uniformity drift,"{""thermal_cycles"": 80, ""hold_temp_c"": 55, ""impedance_limit_pct"": 8}",passed,process_notes/manufacturing_qa/maintenance_log_0177.md,"coating-uniformity-drift, maintenance_log, manufacturing-qa",medium,equipment/process issue
Equipment Maintenance,PKAI-0178,failure_report,thermal cycling impedance drift,"{""calibration_interval_days"": 14, ""sensor_offset_mv"": 3.2, ""line_pressure_kpa"": 210}",passed,process_notes/equipment_maintenance/failure_report_0178.md,"equipment-maintenance, failure_report, thermal-cycling-impedance-drift",low,equipment/process issue
Failure Analysis,PKAI-0179,validation_summary,increased defect rate,"{""batch_solids_pct"": 48.5, ""mix_time_min"": 35, ""viscosity_cp"": 920}",warning,process_notes/failure_analysis/validation_summary_0179.md,"failure-analysis, increased-defect-rate, validation_summary",medium,materials issue
Validation Testing,PKAI-0180,parameter_change,calibration offset,"{""inspection_sample_size"": 120, ""defect_limit_pct"": 2.0, ""validation_threshold"": 0.95}",passed,process_notes/validation_testing/parameter_change_0180.md,"calibration-offset, parameter_change, validation-testing",low,equipment/process issue
Battery Process Optimization,PKAI-0181,experiment_note,material batch inconsistency,"{""coating_speed_mpm"": 1.8, ""drying_time_min"": 22, ""oven_temp_c"": 82}",failed,process_notes/battery_process_optimization/experiment_note_0181.md,"battery-process-optimization, experiment_note, material-batch-inconsistency",high,materials issue
Materials Characterization,PKAI-0182,qa_record,sensor anomaly,"{""coating_speed_mpm"": 2.1, ""drying_time_min"": 18, ""oven_temp_c"": 88}",passed,process_notes/materials_characterization/qa_record_0182.md,"materials-characterization, qa_record, sensor-anomaly",medium,equipment/process issue
Manufacturing QA,PKAI-0183,maintenance_log,yield loss,"{""thermal_cycles"": 80, ""hold_temp_c"": 55, ""impedance_limit_pct"": 8}",passed,process_notes/manufacturing_qa/maintenance_log_0183.md,"maintenance_log, manufacturing-qa, yield-loss",medium,equipment/process issue
Equipment Maintenance,PKAI-0184,failure_report,validation threshold miss,"{""calibration_interval_days"": 14, ""sensor_offset_mv"": 3.2, ""line_pressure_kpa"": 210}",failed,process_notes/equipment_maintenance/failure_report_0184.md,"equipment-maintenance, failure_report, validation-threshold-miss",medium,materials issue
Failure Analysis,PKAI-0185,validation_summary,coating uniformity drift,"{""batch_solids_pct"": 48.5, ""mix_time_min"": 35, ""viscosity_cp"": 920}",passed,process_notes/failure_analysis/validation_summary_0185.md,"coating-uniformity-drift, failure-analysis, validation_summary",low,equipment/process issue
Validation Testing,PKAI-0186,parameter_change,thermal cycling impedance drift,"{""inspection_sample_size"": 120, ""defect_limit_pct"": 2.0, ""validation_threshold"": 0.95}",warning,process_notes/validation_testing/parameter_change_0186.md,"parameter_change, thermal-cycling-impedance-drift, validation-testing",medium,equipment/process issue
Battery Process Optimization,PKAI-0187,experiment_note,increased defect rate,"{""coating_speed_mpm"": 1.8, ""drying_time_min"": 22, ""oven_temp_c"": 82}",passed,process_notes/battery_process_optimization/experiment_note_0187.md,"battery-process-optimization, experiment_note, increased-defect-rate",medium,equipment/process issue
Materials Characterization,PKAI-0188,qa_record,calibration offset,"{""coating_speed_mpm"": 2.1, ""drying_time_min"": 18, ""oven_temp_c"": 88}",passed,process_notes/materials_characterization/qa_record_0188.md,"calibration-offset, materials-characterization, qa_record",low,equipment/process issue
Manufacturing QA,PKAI-0189,maintenance_log,material batch inconsistency,"{""thermal_cycles"": 80, ""hold_temp_c"": 55, ""impedance_limit_pct"": 8}",failed,process_notes/manufacturing_qa/maintenance_log_0189.md,"maintenance_log, manufacturing-qa, material-batch-inconsistency",high,materials issue
Equipment Maintenance,PKAI-0190,failure_report,sensor anomaly,"{""calibration_interval_days"": 14, ""sensor_offset_mv"": 3.2, ""line_pressure_kpa"": 210}",warning,process_notes/equipment_maintenance/failure_report_0190.md,"equipment-maintenance, failure_report, sensor-anomaly",medium,equipment/process issue
Failure Analysis,PKAI-0191,validation_summary,yield loss,"{""batch_solids_pct"": 48.5, ""mix_time_min"": 35, ""viscosity_cp"": 920}",warning,process_notes/failure_analysis/validation_summary_0191.md,"failure-analysis, validation_summary, yield-loss",medium,materials issue
Validation Testing,PKAI-0192,parameter_change,validation threshold miss,"{""inspection_sample_size"": 120, ""defect_limit_pct"": 2.0, ""validation_threshold"": 0.95}",warning,process_notes/validation_testing/parameter_change_0192.md,"parameter_change, validation-testing, validation-threshold-miss",medium,materials issue
Battery Process Optimization,PKAI-0193,experiment_note,coating uniformity drift,"{""coating_speed_mpm"": 1.8, ""drying_time_min"": 22, ""oven_temp_c"": 82}",failed,process_notes/battery_process_optimization/experiment_note_0193.md,"battery-process-optimization, coating-uniformity-drift, experiment_note",high,equipment/process issue
Materials Characterization,PKAI-0194,qa_record,thermal cycling impedance drift,"{""coating_speed_mpm"": 2.1, ""drying_time_min"": 18, ""oven_temp_c"": 88}",warning,process_notes/materials_characterization/qa_record_0194.md,"materials-characterization, qa_record, thermal-cycling-impedance-drift",medium,equipment/process issue
Manufacturing QA,PKAI-0195,maintenance_log,increased defect rate,"{""thermal_cycles"": 80, ""hold_temp_c"": 55, ""impedance_limit_pct"": 8}",passed,process_notes/manufacturing_qa/maintenance_log_0195.md,"increased-defect-rate, maintenance_log, manufacturing-qa",medium,equipment/process issue
Equipment Maintenance,PKAI-0196,failure_report,calibration offset,"{""calibration_interval_days"": 14, ""sensor_offset_mv"": 3.2, ""line_pressure_kpa"": 210}",warning,process_notes/equipment_maintenance/failure_report_0196.md,"calibration-offset, equipment-maintenance, failure_report",medium,equipment/process issue
Failure Analysis,PKAI-0197,validation_summary,material batch inconsistency,"{""batch_solids_pct"": 48.5, ""mix_time_min"": 35, ""viscosity_cp"": 920}",passed,process_notes/failure_analysis/validation_summary_0197.md,"failure-analysis, material-batch-inconsistency, validation_summary",medium,materials issue
Validation Testing,PKAI-0198,parameter_change,sensor anomaly,"{""inspection_sample_size"": 120, ""defect_limit_pct"": 2.0, ""validation_threshold"": 0.95}",passed,process_notes/validation_testing/parameter_change_0198.md,"parameter_change, sensor-anomaly, validation-testing",low,equipment/process issue
Battery Process Optimization,PKAI-0199,experiment_note,yield loss,"{""coating_speed_mpm"": 1.8, ""drying_time_min"": 22, ""oven_temp_c"": 82}",failed,process_notes/battery_process_optimization/experiment_note_0199.md,"battery-process-optimization, experiment_note, yield-loss",high,equipment/process issue
Materials Characterization,PKAI-0200,qa_record,validation threshold miss,"{""coating_speed_mpm"": 2.1, ""drying_time_min"": 18, ""oven_temp_c"": 88}",passed,process_notes/materials_characterization/qa_record_0200.md,"materials-characterization, qa_record, validation-threshold-miss",medium,materials issue
Manufacturing QA,PKAI-0201,maintenance_log,coating uniformity drift,"{""thermal_cycles"": 80, ""hold_temp_c"": 55, ""impedance_limit_pct"": 8}",failed,process_notes/manufacturing_qa/maintenance_log_0201.md,"coating-uniformity-drift, maintenance_log, manufacturing-qa",high,equipment/process issue
Equipment Maintenance,PKAI-0202,failure_report,thermal cycling impedance drift,"{""calibration_interval_days"": 14, ""sensor_offset_mv"": 3.2, ""line_pressure_kpa"": 210}",failed,process_notes/equipment_maintenance/failure_report_0202.md,"equipment-maintenance, failure_report, thermal-cycling-impedance-drift",high,equipment/process issue
Failure Analysis,PKAI-0203,validation_summary,increased defect rate,"{""batch_solids_pct"": 48.5, ""mix_time_min"": 35, ""viscosity_cp"": 920}",passed,process_notes/failure_analysis/validation_summary_0203.md,"failure-analysis, increased-defect-rate, validation_summary",low,materials issue
Validation Testing,PKAI-0204,parameter_change,calibration offset,"{""inspection_sample_size"": 120, ""defect_limit_pct"": 2.0, ""validation_threshold"": 0.95}",passed,process_notes/validation_testing/parameter_change_0204.md,"calibration-offset, parameter_change, validation-testing",medium,equipment/process issue
Battery Process Optimization,PKAI-0205,experiment_note,material batch inconsistency,"{""coating_speed_mpm"": 1.8, ""drying_time_min"": 22, ""oven_temp_c"": 82}",passed,process_notes/battery_process_optimization/experiment_note_0205.md,"battery-process-optimization, experiment_note, material-batch-inconsistency",medium,materials issue
Materials Characterization,PKAI-0206,qa_record,sensor anomaly,"{""coating_speed_mpm"": 2.1, ""drying_time_min"": 18, ""oven_temp_c"": 88}",warning,process_notes/materials_characterization/qa_record_0206.md,"materials-characterization, qa_record, sensor-anomaly",medium,equipment/process issue
Manufacturing QA,PKAI-0207,maintenance_log,yield loss,"{""thermal_cycles"": 80, ""hold_temp_c"": 55, ""impedance_limit_pct"": 8}",passed,process_notes/manufacturing_qa/maintenance_log_0207.md,"maintenance_log, manufacturing-qa, yield-loss",low,equipment/process issue
Equipment Maintenance,PKAI-0208,failure_report,validation threshold miss,"{""calibration_interval_days"": 14, ""sensor_offset_mv"": 3.2, ""line_pressure_kpa"": 210}",failed,process_notes/equipment_maintenance/failure_report_0208.md,"equipment-maintenance, failure_report, validation-threshold-miss",high,materials issue
Failure Analysis,PKAI-0209,validation_summary,coating uniformity drift,"{""batch_solids_pct"": 48.5, ""mix_time_min"": 35, ""viscosity_cp"": 920}",failed,process_notes/failure_analysis/validation_summary_0209.md,"coating-uniformity-drift, failure-analysis, validation_summary",high,equipment/process issue
Validation Testing,PKAI-0210,parameter_change,thermal cycling impedance drift,"{""inspection_sample_size"": 120, ""defect_limit_pct"": 2.0, ""validation_threshold"": 0.95}",passed,process_notes/validation_testing/parameter_change_0210.md,"parameter_change, thermal-cycling-impedance-drift, validation-testing",medium,equipment/process issue
Battery Process Optimization,PKAI-0211,experiment_note,increased defect rate,"{""coating_speed_mpm"": 1.8, ""drying_time_min"": 22, ""oven_temp_c"": 82}",passed,process_notes/battery_process_optimization/experiment_note_0211.md,"battery-process-optimization, experiment_note, increased-defect-rate",medium,equipment/process issue
Materials Characterization,PKAI-0212,qa_record,calibration offset,"{""coating_speed_mpm"": 2.1, ""drying_time_min"": 18, ""oven_temp_c"": 88}",warning,process_notes/materials_characterization/qa_record_0212.md,"calibration-offset, materials-characterization, qa_record",medium,equipment/process issue
Manufacturing QA,PKAI-0213,maintenance_log,material batch inconsistency,"{""thermal_cycles"": 80, ""hold_temp_c"": 55, ""impedance_limit_pct"": 8}",passed,process_notes/manufacturing_qa/maintenance_log_0213.md,"maintenance_log, manufacturing-qa, material-batch-inconsistency",medium,materials issue
Equipment Maintenance,PKAI-0214,failure_report,sensor anomaly,"{""calibration_interval_days"": 14, ""sensor_offset_mv"": 3.2, ""line_pressure_kpa"": 210}",failed,process_notes/equipment_maintenance/failure_report_0214.md,"equipment-maintenance, failure_report, sensor-anomaly",high,equipment/process issue
Failure Analysis,PKAI-0215,validation_summary,yield loss,"{""batch_solids_pct"": 48.5, ""mix_time_min"": 35, ""viscosity_cp"": 920}",passed,process_notes/failure_analysis/validation_summary_0215.md,"failure-analysis, validation_summary, yield-loss",medium,materials issue
Validation Testing,PKAI-0216,parameter_change,validation threshold miss,"{""inspection_sample_size"": 120, ""defect_limit_pct"": 2.0, ""validation_threshold"": 0.95}",warning,process_notes/validation_testing/parameter_change_0216.md,"parameter_change, validation-testing, validation-threshold-miss",medium,materials issue
Battery Process Optimization,PKAI-0217,experiment_note,coating uniformity drift,"{""coating_speed_mpm"": 1.8, ""drying_time_min"": 22, ""oven_temp_c"": 82}",failed,process_notes/battery_process_optimization/experiment_note_0217.md,"battery-process-optimization, coating-uniformity-drift, experiment_note",medium,equipment/process issue
Materials Characterization,PKAI-0218,qa_record,thermal cycling impedance drift,"{""coating_speed_mpm"": 2.1, ""drying_time_min"": 18, ""oven_temp_c"": 88}",warning,process_notes/materials_characterization/qa_record_0218.md,"materials-characterization, qa_record, thermal-cycling-impedance-drift",medium,equipment/process issue
Manufacturing QA,PKAI-0219,maintenance_log,increased defect rate,"{""thermal_cycles"": 80, ""hold_temp_c"": 55, ""impedance_limit_pct"": 8}",failed,process_notes/manufacturing_qa/maintenance_log_0219.md,"increased-defect-rate, maintenance_log, manufacturing-qa",medium,equipment/process issue
Equipment Maintenance,PKAI-0220,failure_report,calibration offset,"{""calibration_interval_days"": 14, ""sensor_offset_mv"": 3.2, ""line_pressure_kpa"": 210}",passed,process_notes/equipment_maintenance/failure_report_0220.md,"calibration-offset, equipment-maintenance, failure_report",medium,equipment/process issue
Failure Analysis,PKAI-0221,validation_summary,material batch inconsistency,"{""batch_solids_pct"": 48.5, ""mix_time_min"": 35, ""viscosity_cp"": 920}",failed,process_notes/failure_analysis/validation_summary_0221.md,"failure-analysis, material-batch-inconsistency, validation_summary",medium,materials issue
Validation Testing,PKAI-0222,parameter_change,sensor anomaly,"{""inspection_sample_size"": 120, ""defect_limit_pct"": 2.0, ""validation_threshold"": 0.95}",failed,process_notes/validation_testing/parameter_change_0222.md,"parameter_change, sensor-anomaly, validation-testing",medium,equipment/process issue
Battery Process Optimization,PKAI-0223,experiment_note,yield loss,"{""coating_speed_mpm"": 1.8, ""drying_time_min"": 22, ""oven_temp_c"": 82}",warning,process_notes/battery_process_optimization/experiment_note_0223.md,"battery-process-optimization, experiment_note, yield-loss",medium,equipment/process issue
Materials Characterization,PKAI-0224,qa_record,validation threshold miss,"{""coating_speed_mpm"": 2.1, ""drying_time_min"": 18, ""oven_temp_c"": 88}",passed,process_notes/materials_characterization/qa_record_0224.md,"materials-characterization, qa_record, validation-threshold-miss",medium,materials issue
Manufacturing QA,PKAI-0225,maintenance_log,coating uniformity drift,"{""thermal_cycles"": 80, ""hold_temp_c"": 55, ""impedance_limit_pct"": 8}",failed,process_notes/manufacturing_qa/maintenance_log_0225.md,"coating-uniformity-drift, maintenance_log, manufacturing-qa",medium,equipment/process issue
Equipment Maintenance,PKAI-0226,failure_report,thermal cycling impedance drift,"{""calibration_interval_days"": 14, ""sensor_offset_mv"": 3.2, ""line_pressure_kpa"": 210}",warning,process_notes/equipment_maintenance/failure_report_0226.md,"equipment-maintenance, failure_report, thermal-cycling-impedance-drift",medium,equipment/process issue
Failure Analysis,PKAI-0227,validation_summary,increased defect rate,"{""batch_solids_pct"": 48.5, ""mix_time_min"": 35, ""viscosity_cp"": 920}",warning,process_notes/failure_analysis/validation_summary_0227.md,"failure-analysis, increased-defect-rate, validation_summary",medium,materials issue
Validation Testing,PKAI-0228,parameter_change,calibration offset,"{""inspection_sample_size"": 120, ""defect_limit_pct"": 2.0, ""validation_threshold"": 0.95}",passed,process_notes/validation_testing/parameter_change_0228.md,"calibration-offset, parameter_change, validation-testing",medium,equipment/process issue
Battery Process Optimization,PKAI-0229,experiment_note,material batch inconsistency,"{""coating_speed_mpm"": 1.8, ""drying_time_min"": 22, ""oven_temp_c"": 82}",passed,process_notes/battery_process_optimization/experiment_note_0229.md,"battery-process-optimization, experiment_note, material-batch-inconsistency",medium,materials issue
Materials Characterization,PKAI-0230,qa_record,sensor anomaly,"{""coating_speed_mpm"": 2.1, ""drying_time_min"": 18, ""oven_temp_c"": 88}",warning,process_notes/materials_characterization/qa_record_0230.md,"materials-characterization, qa_record, sensor-anomaly",medium,equipment/process issue
Manufacturing QA,PKAI-0231,maintenance_log,yield loss,"{""thermal_cycles"": 80, ""hold_temp_c"": 55, ""impedance_limit_pct"": 8}",passed,process_notes/manufacturing_qa/maintenance_log_0231.md,"maintenance_log, manufacturing-qa, yield-loss",medium,equipment/process issue
Equipment Maintenance,PKAI-0232,failure_report,validation threshold miss,"{""calibration_interval_days"": 14, ""sensor_offset_mv"": 3.2, ""line_pressure_kpa"": 210}",passed,process_notes/equipment_maintenance/failure_report_0232.md,"equipment-maintenance, failure_report, validation-threshold-miss",low,materials issue
Failure Analysis,PKAI-0233,validation_summary,coating uniformity drift,"{""batch_solids_pct"": 48.5, ""mix_time_min"": 35, ""viscosity_cp"": 920}",failed,process_notes/failure_analysis/validation_summary_0233.md,"coating-uniformity-drift, failure-analysis, validation_summary",medium,equipment/process issue
Validation Testing,PKAI-0234,parameter_change,thermal cycling impedance drift,"{""inspection_sample_size"": 120, ""defect_limit_pct"": 2.0, ""validation_threshold"": 0.95}",warning,process_notes/validation_testing/parameter_change_0234.md,"parameter_change, thermal-cycling-impedance-drift, validation-testing",medium,equipment/process issue
Battery Process Optimization,PKAI-0235,experiment_note,increased defect rate,"{""coating_speed_mpm"": 1.8, ""drying_time_min"": 22, ""oven_temp_c"": 82}",passed,process_notes/battery_process_optimization/experiment_note_0235.md,"battery-process-optimization, experiment_note, increased-defect-rate",low,equipment/process issue
Materials Characterization,PKAI-0236,qa_record,calibration offset,"{""coating_speed_mpm"": 2.1, ""drying_time_min"": 18, ""oven_temp_c"": 88}",failed,process_notes/materials_characterization/qa_record_0236.md,"calibration-offset, materials-characterization, qa_record",medium,equipment/process issue
Manufacturing QA,PKAI-0237,maintenance_log,material batch inconsistency,"{""thermal_cycles"": 80, ""hold_temp_c"": 55, ""impedance_limit_pct"": 8}",passed,process_notes/manufacturing_qa/maintenance_log_0237.md,"maintenance_log, manufacturing-qa, material-batch-inconsistency",medium,materials issue
Equipment Maintenance,PKAI-0238,failure_report,sensor anomaly,"{""calibration_interval_days"": 14, ""sensor_offset_mv"": 3.2, ""line_pressure_kpa"": 210}",passed,process_notes/equipment_maintenance/failure_report_0238.md,"equipment-maintenance, failure_report, sensor-anomaly",low,equipment/process issue
Failure Analysis,PKAI-0239,validation_summary,yield loss,"{""batch_solids_pct"": 48.5, ""mix_time_min"": 35, ""viscosity_cp"": 920}",warning,process_notes/failure_analysis/validation_summary_0239.md,"failure-analysis, validation_summary, yield-loss",medium,materials issue
Validation Testing,PKAI-0240,parameter_change,validation threshold miss,"{""inspection_sample_size"": 120, ""defect_limit_pct"": 2.0, ""validation_threshold"": 0.95}",warning,process_notes/validation_testing/parameter_change_0240.md,"parameter_change, validation-testing, validation-threshold-miss",medium,materials issue
Battery Process Optimization,PKAI-0241,experiment_note,coating uniformity drift,"{""coating_speed_mpm"": 1.8, ""drying_time_min"": 22, ""oven_temp_c"": 82}",warning,process_notes/battery_process_optimization/experiment_note_0241.md,"battery-process-optimization, coating-uniformity-drift, experiment_note",medium,equipment/process issue
Materials Characterization,PKAI-0242,qa_record,thermal cycling impedance drift,"{""coating_speed_mpm"": 2.1, ""drying_time_min"": 18, ""oven_temp_c"": 88}",passed,process_notes/materials_characterization/qa_record_0242.md,"materials-characterization, qa_record, thermal-cycling-impedance-drift",medium,equipment/process issue
Manufacturing QA,PKAI-0243,maintenance_log,increased defect rate,"{""thermal_cycles"": 80, ""hold_temp_c"": 55, ""impedance_limit_pct"": 8}",passed,process_notes/manufacturing_qa/maintenance_log_0243.md,"increased-defect-rate, maintenance_log, manufacturing-qa",low,equipment/process issue
Equipment Maintenance,PKAI-0244,failure_report,calibration offset,"{""calibration_interval_days"": 14, ""sensor_offset_mv"": 3.2, ""line_pressure_kpa"": 210}",failed,process_notes/equipment_maintenance/failure_report_0244.md,"calibration-offset, equipment-maintenance, failure_report",high,equipment/process issue
Failure Analysis,PKAI-0245,validation_summary,material batch inconsistency,"{""batch_solids_pct"": 48.5, ""mix_time_min"": 35, ""viscosity_cp"": 920}",passed,process_notes/failure_analysis/validation_summary_0245.md,"failure-analysis, material-batch-inconsistency, validation_summary",medium,materials issue
Validation Testing,PKAI-0246,parameter_change,sensor anomaly,"{""inspection_sample_size"": 120, ""defect_limit_pct"": 2.0, ""validation_threshold"": 0.95}",failed,process_notes/validation_testing/parameter_change_0246.md,"parameter_change, sensor-anomaly, validation-testing",high,equipment/process issue
Battery Process Optimization,PKAI-0247,experiment_note,yield loss,"{""coating_speed_mpm"": 1.8, ""drying_time_min"": 22, ""oven_temp_c"": 82}",failed,process_notes/battery_process_optimization/experiment_note_0247.md,"battery-process-optimization, experiment_note, yield-loss",medium,equipment/process issue
Materials Characterization,PKAI-0248,qa_record,validation threshold miss,"{""coating_speed_mpm"": 2.1, ""drying_time_min"": 18, ""oven_temp_c"": 88}",failed,process_notes/materials_characterization/qa_record_0248.md,"materials-characterization, qa_record, validation-threshold-miss",medium,materials issue
Manufacturing QA,PKAI-0249,maintenance_log,coating uniformity drift,"{""thermal_cycles"": 80, ""hold_temp_c"": 55, ""impedance_limit_pct"": 8}",passed,process_notes/manufacturing_qa/maintenance_log_0249.md,"coating-uniformity-drift, maintenance_log, manufacturing-qa",medium,equipment/process issue
Equipment Maintenance,PKAI-0250,failure_report,thermal cycling impedance drift,"{""calibration_interval_days"": 14, ""sensor_offset_mv"": 3.2, ""line_pressure_kpa"": 210}",passed,process_notes/equipment_maintenance/failure_report_0250.md,"equipment-maintenance, failure_report, thermal-cycling-impedance-drift",low,equipment/process issue
Failure Analysis,PKAI-0251,validation_summary,increased defect rate,"{""batch_solids_pct"": 48.5, ""mix_time_min"": 35, ""viscosity_cp"": 920}",passed,process_notes/failure_analysis/validation_summary_0251.md,"failure-analysis, increased-defect-rate, validation_summary",medium,materials issue
Validation Testing,PKAI-0252,parameter_change,calibration offset,"{""inspection_sample_size"": 120, ""defect_limit_pct"": 2.0, ""validation_threshold"": 0.95}",passed,process_notes/validation_testing/parameter_change_0252.md,"calibration-offset, parameter_change, validation-testing",medium,equipment/process issue
Battery Process Optimization,PKAI-0253,experiment_note,material batch inconsistency,"{""coating_speed_mpm"": 1.8, ""drying_time_min"": 22, ""oven_temp_c"": 82}",failed,process_notes/battery_process_optimization/experiment_note_0253.md,"battery-process-optimization, experiment_note, material-batch-inconsistency",high,materials issue
Materials Characterization,PKAI-0254,qa_record,sensor anomaly,"{""coating_speed_mpm"": 2.1, ""drying_time_min"": 18, ""oven_temp_c"": 88}",passed,process_notes/materials_characterization/qa_record_0254.md,"materials-characterization, qa_record, sensor-anomaly",low,equipment/process issue
Manufacturing QA,PKAI-0255,maintenance_log,yield loss,"{""thermal_cycles"": 80, ""hold_temp_c"": 55, ""impedance_limit_pct"": 8}",failed,process_notes/manufacturing_qa/maintenance_log_0255.md,"maintenance_log, manufacturing-qa, yield-loss",high,equipment/process issue
Equipment Maintenance,PKAI-0256,failure_report,validation threshold miss,"{""calibration_interval_days"": 14, ""sensor_offset_mv"": 3.2, ""line_pressure_kpa"": 210}",passed,process_notes/equipment_maintenance/failure_report_0256.md,"equipment-maintenance, failure_report, validation-threshold-miss",low,materials issue
Failure Analysis,PKAI-0257,validation_summary,coating uniformity drift,"{""batch_solids_pct"": 48.5, ""mix_time_min"": 35, ""viscosity_cp"": 920}",passed,process_notes/failure_analysis/validation_summary_0257.md,"coating-uniformity-drift, failure-analysis, validation_summary",low,equipment/process issue
Validation Testing,PKAI-0258,parameter_change,thermal cycling impedance drift,"{""inspection_sample_size"": 120, ""defect_limit_pct"": 2.0, ""validation_threshold"": 0.95}",warning,process_notes/validation_testing/parameter_change_0258.md,"parameter_change, thermal-cycling-impedance-drift, validation-testing",medium,equipment/process issue
Battery Process Optimization,PKAI-0259,experiment_note,increased defect rate,"{""coating_speed_mpm"": 1.8, ""drying_time_min"": 22, ""oven_temp_c"": 82}",failed,process_notes/battery_process_optimization/experiment_note_0259.md,"battery-process-optimization, experiment_note, increased-defect-rate",medium,equipment/process issue
Materials Characterization,PKAI-0260,qa_record,calibration offset,"{""coating_speed_mpm"": 2.1, ""drying_time_min"": 18, ""oven_temp_c"": 88}",passed,process_notes/materials_characterization/qa_record_0260.md,"calibration-offset, materials-characterization, qa_record",medium,equipment/process issue
Manufacturing QA,PKAI-0261,maintenance_log,material batch inconsistency,"{""thermal_cycles"": 80, ""hold_temp_c"": 55, ""impedance_limit_pct"": 8}",failed,process_notes/manufacturing_qa/maintenance_log_0261.md,"maintenance_log, manufacturing-qa, material-batch-inconsistency",medium,materials issue
Equipment Maintenance,PKAI-0262,failure_report,sensor anomaly,"{""calibration_interval_days"": 14, ""sensor_offset_mv"": 3.2, ""line_pressure_kpa"": 210}",passed,process_notes/equipment_maintenance/failure_report_0262.md,"equipment-maintenance, failure_report, sensor-anomaly",low,equipment/process issue
Failure Analysis,PKAI-0263,validation_summary,yield loss,"{""batch_solids_pct"": 48.5, ""mix_time_min"": 35, ""viscosity_cp"": 920}",passed,process_notes/failure_analysis/validation_summary_0263.md,"failure-analysis, validation_summary, yield-loss",medium,materials issue
Validation Testing,PKAI-0264,parameter_change,validation threshold miss,"{""inspection_sample_size"": 120, ""defect_limit_pct"": 2.0, ""validation_threshold"": 0.95}",failed,process_notes/validation_testing/parameter_change_0264.md,"parameter_change, validation-testing, validation-threshold-miss",medium,materials issue
Battery Process Optimization,PKAI-0265,experiment_note,coating uniformity drift,"{""coating_speed_mpm"": 1.8, ""drying_time_min"": 22, ""oven_temp_c"": 82}",passed,process_notes/battery_process_optimization/experiment_note_0265.md,"battery-process-optimization, coating-uniformity-drift, experiment_note",low,equipment/process issue
Materials Characterization,PKAI-0266,qa_record,thermal cycling impedance drift,"{""coating_speed_mpm"": 2.1, ""drying_time_min"": 18, ""oven_temp_c"": 88}",passed,process_notes/materials_characterization/qa_record_0266.md,"materials-characterization, qa_record, thermal-cycling-impedance-drift",medium,equipment/process issue
Manufacturing QA,PKAI-0267,maintenance_log,increased defect rate,"{""thermal_cycles"": 80, ""hold_temp_c"": 55, ""impedance_limit_pct"": 8}",warning,process_notes/manufacturing_qa/maintenance_log_0267.md,"increased-defect-rate, maintenance_log, manufacturing-qa",medium,equipment/process issue
Equipment Maintenance,PKAI-0268,failure_report,calibration offset,"{""calibration_interval_days"": 14, ""sensor_offset_mv"": 3.2, ""line_pressure_kpa"": 210}",failed,process_notes/equipment_maintenance/failure_report_0268.md,"calibration-offset, equipment-maintenance, failure_report",medium,equipment/process issue
Failure Analysis,PKAI-0269,validation_summary,material batch inconsistency,"{""batch_solids_pct"": 48.5, ""mix_time_min"": 35, ""viscosity_cp"": 920}",passed,process_notes/failure_analysis/validation_summary_0269.md,"failure-analysis, material-batch-inconsistency, validation_summary",low,materials issue
Validation Testing,PKAI-0270,parameter_change,sensor anomaly,"{""inspection_sample_size"": 120, ""defect_limit_pct"": 2.0, ""validation_threshold"": 0.95}",failed,process_notes/validation_testing/parameter_change_0270.md,"parameter_change, sensor-anomaly, validation-testing",medium,equipment/process issue
Battery Process Optimization,PKAI-0271,experiment_note,yield loss,"{""coating_speed_mpm"": 1.8, ""drying_time_min"": 22, ""oven_temp_c"": 82}",passed,process_notes/battery_process_optimization/experiment_note_0271.md,"battery-process-optimization, experiment_note, yield-loss",medium,equipment/process issue
Materials Characterization,PKAI-0272,qa_record,validation threshold miss,"{""coating_speed_mpm"": 2.1, ""drying_time_min"": 18, ""oven_temp_c"": 88}",passed,process_notes/materials_characterization/qa_record_0272.md,"materials-characterization, qa_record, validation-threshold-miss",low,materials issue
Manufacturing QA,PKAI-0273,maintenance_log,coating uniformity drift,"{""thermal_cycles"": 80, ""hold_temp_c"": 55, ""impedance_limit_pct"": 8}",passed,process_notes/manufacturing_qa/maintenance_log_0273.md,"coating-uniformity-drift, maintenance_log, manufacturing-qa",medium,equipment/process issue
Equipment Maintenance,PKAI-0274,failure_report,thermal cycling impedance drift,"{""calibration_interval_days"": 14, ""sensor_offset_mv"": 3.2, ""line_pressure_kpa"": 210}",passed,process_notes/equipment_maintenance/failure_report_0274.md,"equipment-maintenance, failure_report, thermal-cycling-impedance-drift",medium,equipment/process issue
Failure Analysis,PKAI-0275,validation_summary,increased defect rate,"{""batch_solids_pct"": 48.5, ""mix_time_min"": 35, ""viscosity_cp"": 920}",passed,process_notes/failure_analysis/validation_summary_0275.md,"failure-analysis, increased-defect-rate, validation_summary",low,materials issue
Validation Testing,PKAI-0276,parameter_change,calibration offset,"{""inspection_sample_size"": 120, ""defect_limit_pct"": 2.0, ""validation_threshold"": 0.95}",warning,process_notes/validation_testing/parameter_change_0276.md,"calibration-offset, parameter_change, validation-testing",medium,equipment/process issue
Battery Process Optimization,PKAI-0277,experiment_note,material batch inconsistency,"{""coating_speed_mpm"": 1.8, ""drying_time_min"": 22, ""oven_temp_c"": 82}",passed,process_notes/battery_process_optimization/experiment_note_0277.md,"battery-process-optimization, experiment_note, material-batch-inconsistency",medium,materials issue
Materials Characterization,PKAI-0278,qa_record,sensor anomaly,"{""coating_speed_mpm"": 2.1, ""drying_time_min"": 18, ""oven_temp_c"": 88}",warning,process_notes/materials_characterization/qa_record_0278.md,"materials-characterization, qa_record, sensor-anomaly",medium,equipment/process issue
Manufacturing QA,PKAI-0279,maintenance_log,yield loss,"{""thermal_cycles"": 80, ""hold_temp_c"": 55, ""impedance_limit_pct"": 8}",failed,process_notes/manufacturing_qa/maintenance_log_0279.md,"maintenance_log, manufacturing-qa, yield-loss",medium,equipment/process issue
Equipment Maintenance,PKAI-0280,failure_report,validation threshold miss,"{""calibration_interval_days"": 14, ""sensor_offset_mv"": 3.2, ""line_pressure_kpa"": 210}",warning,process_notes/equipment_maintenance/failure_report_0280.md,"equipment-maintenance, failure_report, validation-threshold-miss",medium,materials issue
Failure Analysis,PKAI-0281,validation_summary,coating uniformity drift,"{""batch_solids_pct"": 48.5, ""mix_time_min"": 35, ""viscosity_cp"": 920}",failed,process_notes/failure_analysis/validation_summary_0281.md,"coating-uniformity-drift, failure-analysis, validation_summary",medium,equipment/process issue
Validation Testing,PKAI-0282,parameter_change,thermal cycling impedance drift,"{""inspection_sample_size"": 120, ""defect_limit_pct"": 2.0, ""validation_threshold"": 0.95}",warning,process_notes/validation_testing/parameter_change_0282.md,"parameter_change, thermal-cycling-impedance-drift, validation-testing",medium,equipment/process issue
Battery Process Optimization,PKAI-0283,experiment_note,increased defect rate,"{""coating_speed_mpm"": 1.8, ""drying_time_min"": 22, ""oven_temp_c"": 82}",warning,process_notes/battery_process_optimization/experiment_note_0283.md,"battery-process-optimization, experiment_note, increased-defect-rate",medium,equipment/process issue
Materials Characterization,PKAI-0284,qa_record,calibration offset,"{""coating_speed_mpm"": 2.1, ""drying_time_min"": 18, ""oven_temp_c"": 88}",warning,process_notes/materials_characterization/qa_record_0284.md,"calibration-offset, materials-characterization, qa_record",medium,equipment/process issue
Manufacturing QA,PKAI-0285,maintenance_log,material batch inconsistency,"{""thermal_cycles"": 80, ""hold_temp_c"": 55, ""impedance_limit_pct"": 8}",passed,process_notes/manufacturing_qa/maintenance_log_0285.md,"maintenance_log, manufacturing-qa, material-batch-inconsistency",low,materials issue
Equipment Maintenance,PKAI-0286,failure_report,sensor anomaly,"{""calibration_interval_days"": 14, ""sensor_offset_mv"": 3.2, ""line_pressure_kpa"": 210}",failed,process_notes/equipment_maintenance/failure_report_0286.md,"equipment-maintenance, failure_report, sensor-anomaly",medium,equipment/process issue
Failure Analysis,PKAI-0287,validation_summary,yield loss,"{""batch_solids_pct"": 48.5, ""mix_time_min"": 35, ""viscosity_cp"": 920}",passed,process_notes/failure_analysis/validation_summary_0287.md,"failure-analysis, validation_summary, yield-loss",low,materials issue
Validation Testing,PKAI-0288,parameter_change,validation threshold miss,"{""inspection_sample_size"": 120, ""defect_limit_pct"": 2.0, ""validation_threshold"": 0.95}",warning,process_notes/validation_testing/parameter_change_0288.md,"parameter_change, validation-testing, validation-threshold-miss",medium,materials issue
Battery Process Optimization,PKAI-0289,experiment_note,coating uniformity drift,"{""coating_speed_mpm"": 1.8, ""drying_time_min"": 22, ""oven_temp_c"": 82}",failed,process_notes/battery_process_optimization/experiment_note_0289.md,"battery-process-optimization, coating-uniformity-drift, experiment_note",high,equipment/process issue
Materials Characterization,PKAI-0290,qa_record,thermal cycling impedance drift,"{""coating_speed_mpm"": 2.1, ""drying_time_min"": 18, ""oven_temp_c"": 88}",passed,process_notes/materials_characterization/qa_record_0290.md,"materials-characterization, qa_record, thermal-cycling-impedance-drift",medium,equipment/process issue
Manufacturing QA,PKAI-0291,maintenance_log,increased defect rate,"{""thermal_cycles"": 80, ""hold_temp_c"": 55, ""impedance_limit_pct"": 8}",passed,process_notes/manufacturing_qa/maintenance_log_0291.md,"increased-defect-rate, maintenance_log, manufacturing-qa",medium,equipment/process issue
Equipment Maintenance,PKAI-0292,failure_report,calibration offset,"{""calibration_interval_days"": 14, ""sensor_offset_mv"": 3.2, ""line_pressure_kpa"": 210}",warning,process_notes/equipment_maintenance/failure_report_0292.md,"calibration-offset, equipment-maintenance, failure_report",medium,equipment/process issue
Failure Analysis,PKAI-0293,validation_summary,material batch inconsistency,"{""batch_solids_pct"": 48.5, ""mix_time_min"": 35, ""viscosity_cp"": 920}",failed,process_notes/failure_analysis/validation_summary_0293.md,"failure-analysis, material-batch-inconsistency, validation_summary",high,materials issue
Validation Testing,PKAI-0294,parameter_change,sensor anomaly,"{""inspection_sample_size"": 120, ""defect_limit_pct"": 2.0, ""validation_threshold"": 0.95}",warning,process_notes/validation_testing/parameter_change_0294.md,"parameter_change, sensor-anomaly, validation-testing",medium,equipment/process issue
Battery Process Optimization,PKAI-0295,experiment_note,yield loss,"{""coating_speed_mpm"": 1.8, ""drying_time_min"": 22, ""oven_temp_c"": 82}",passed,process_notes/battery_process_optimization/experiment_note_0295.md,"battery-process-optimization, experiment_note, yield-loss",medium,equipment/process issue
Materials Characterization,PKAI-0296,qa_record,validation threshold miss,"{""coating_speed_mpm"": 2.1, ""drying_time_min"": 18, ""oven_temp_c"": 88}",passed,process_notes/materials_characterization/qa_record_0296.md,"materials-characterization, qa_record, validation-threshold-miss",low,materials issue
Manufacturing QA,PKAI-0297,maintenance_log,coating uniformity drift,"{""thermal_cycles"": 80, ""hold_temp_c"": 55, ""impedance_limit_pct"": 8}",passed,process_notes/manufacturing_qa/maintenance_log_0297.md,"coating-uniformity-drift, maintenance_log, manufacturing-qa",medium,equipment/process issue
Equipment Maintenance,PKAI-0298,failure_report,thermal cycling impedance drift,"{""calibration_interval_days"": 14, ""sensor_offset_mv"": 3.2, ""line_pressure_kpa"": 210}",warning,process_notes/equipment_maintenance/failure_report_0298.md,"equipment-maintenance, failure_report, thermal-cycling-impedance-drift",medium,equipment/process issue
Failure Analysis,PKAI-0299,validation_summary,increased defect rate,"{""batch_solids_pct"": 48.5, ""mix_time_min"": 35, ""viscosity_cp"": 920}",warning,process_notes/failure_analysis/validation_summary_0299.md,"failure-analysis, increased-defect-rate, validation_summary",medium,materials issue
Validation Testing,PKAI-0300,parameter_change,calibration offset,"{""inspection_sample_size"": 120, ""defect_limit_pct"": 2.0, ""validation_threshold"": 0.95}",warning,process_notes/validation_testing/parameter_change_0300.md,"calibration-offset, parameter_change, validation-testing",medium,equipment/process issue
